<?xml version="1.0" encoding="UTF-8"?>

<config>
  <style>0</style>
  <timeInterval>3</timeInterval>
  <date_start>
    <day_start>6</day_start>
    <month_start>7</month_start>
    <year_start>1990</year_start>
  </date_start>
  <date_end>
    <day_end>23</day_end>
    <month_end>3</month_end>
    <year_end>2015</year_end>
  </date_end>
  <time_start>
    <second_start>0</second_start>
    <minute_start>0</minute_start>
    <hour_start>0</hour_start>
  </time_start>
  <time_end>
    <second_end>3</second_end>
    <minute_end>29</minute_end>
    <hour_end>11</hour_end>
  </time_end>
  <weekdays>
    <weekday0>0</weekday0>
    <weekday1>0</weekday1>
    <weekday2>1</weekday2>
    <weekday3>0</weekday3>
    <weekday4>0</weekday4>
    <weekday5>0</weekday5>
    <weekday6>0</weekday6>
  </weekdays>
</config>
